Metric,Gap
Accuracy,-0.0023411458009960917
Precision,-0.0015969341847669183
Recall,-0.0008188375266360293
F1,-0.0008188375266360293
