Metric,Gap
Accuracy,-0.0024729553773386037
Precision,-0.0020018348464754254
Recall,-0.004804374451828686
F1,-0.004804374451828686
