Metric,Gap
Accuracy,0.00022371084775163474
Precision,-0.000989492095375688
Recall,0.002327058740356547
F1,0.002327058740356547
